" ",A10S5LDYYYB496,A1A4GR1BNME9IP,A1CF6U3GF7DZEJ,A1FGKIKJYSL1MI,A1H7XQCN2TQJM7,A1HKYY6XI2OHO1,A1ITY3G0INQJVX,A1NG0VEL9X9CZH,A1OYYWJ2B7OQTD,A21EHZ39CBILE,A23A1WMFNPETYQ,A27W2XXUS63O33,A2DH56FQ0H2SP4,A2GHGJP29KRWOQ,A2GZ2SINARYSCO,A2QGTGDZM7Q7RL,A2RVUSQQ0150J2,A2U31V169A20GY,A3AGO0QZFW1KRW,A3CDJ8PZX578GQ,A3CZ0M8E1G0R4X,A3GHJZDX5VC9YL,A3K4OL37N5FQEM,A3NKS7CVEJVTQ6,A3OII0P47RFILW,A3U2JWLJ4IAPZ,A3V2MCIYI0PP1C,A5VXEOSEEAXZY,A8GWYS9O8FUEK,A9YC68TGEYKYX,AI6ZPGMJQP26U,AJE0K0QN4T6F0,AK8UFPN8QOSK5,AUBATPCNW35B9,AVPI5A0LXG71P
12014246_00,-,-,O,-,-,-,-,-,-,O,O,-,-,O,O,-,O,-,-,-,-,-,-,-,O,-,-,-,Premise-B,-,-,-,-,-,-
12014246_01,-,-,Premise-B,-,-,-,-,-,-,Premise-B,Premise-B,-,-,Premise-B,Premise-B,-,O,-,-,-,-,-,-,-,O,-,-,-,Premise-I,-,-,-,-,-,-
12014246_02,-,-,Premise-I,-,-,-,-,-,-,O,Premise-I,-,-,Premise-I,O,-,O,-,-,-,-,-,-,-,O,-,-,-,Premise-B,-,-,-,-,-,-
12014246_03,-,-,Premise-B,-,-,-,-,-,-,O,Premise-I,-,-,Premise-I,O,-,O,-,-,-,-,-,-,-,O,-,-,-,Premise-I,-,-,-,-,-,-
12014246_04,-,-,O,-,-,-,-,-,-,O,Premise-B,-,-,O,O,-,Premise-B,-,-,-,-,-,-,-,O,-,-,-,O,-,-,-,-,-,-
12014246_05,-,-,O,-,-,-,-,-,-,O,Premise-I,-,-,O,O,-,Premise-I,-,-,-,-,-,-,-,O,-,-,-,O,-,-,-,-,-,-
12014246_06,-,-,O,-,-,-,-,-,-,O,Premise-I,-,-,O,O,-,Premise-I,-,-,-,-,-,-,-,O,-,-,-,O,-,-,-,-,-,-
12014246_07,-,-,O,-,-,-,-,-,-,O,Premise-I,-,-,O,O,-,Premise-I,-,-,-,-,-,-,-,O,-,-,-,O,-,-,-,-,-,-
12014246_08,-,-,O,-,-,-,-,-,-,O,Premise-I,-,-,O,O,-,Premise-I,-,-,-,-,-,-,-,O,-,-,-,O,-,-,-,-,-,-
12014246_09,-,-,O,-,-,-,-,-,-,Premise-B,Premise-I,-,-,O,O,-,O,-,-,-,-,-,-,-,O,-,-,-,O,-,-,-,-,-,-
12014246_10,-,-,O,-,-,-,-,-,-,O,Premise-I,-,-,O,O,-,O,-,-,-,-,-,-,-,O,-,-,-,O,-,-,-,-,-,-
12014246_11,-,-,O,-,-,-,-,-,-,O,Premise-I,-,-,O,O,-,O,-,-,-,-,-,-,-,O,-,-,-,O,-,-,-,-,-,-
12014246_12,-,-,O,-,-,-,-,-,-,O,Premise-I,-,-,O,O,-,O,-,-,-,-,-,-,-,O,-,-,-,O,-,-,-,-,-,-
12014246_13,-,-,O,-,-,-,-,-,-,O,Premise-I,-,-,O,O,-,O,-,-,-,-,-,-,-,O,-,-,-,O,-,-,-,-,-,-
12014246_14,-,-,O,-,-,-,-,-,-,O,Premise-I,-,-,O,O,-,O,-,-,-,-,-,-,-,O,-,-,-,O,-,-,-,-,-,-
12014246_15,-,-,O,-,-,-,-,-,-,O,Premise-I,-,-,O,O,-,O,-,-,-,-,-,-,-,O,-,-,-,O,-,-,-,-,-,-
12014246_16,-,-,O,-,-,-,-,-,-,O,O,-,-,O,O,-,O,-,-,-,-,-,-,-,O,-,-,-,O,-,-,-,-,-,-
12018473_00,O,-,O,-,-,-,-,-,-,-,O,-,O,O,-,-,O,-,-,-,-,-,-,O,-,-,-,-,-,-,-,O,-,-,-
12018473_01,O,-,O,-,-,-,-,-,-,-,O,-,O,O,-,-,O,-,-,-,-,-,-,O,-,-,-,-,-,-,-,O,-,-,-
12018473_02,O,-,O,-,-,-,-,-,-,-,O,-,O,O,-,-,O,-,-,-,-,-,-,O,-,-,-,-,-,-,-,O,-,-,-
12018473_03,O,-,O,-,-,-,-,-,-,-,O,-,O,O,-,-,O,-,-,-,-,-,-,O,-,-,-,-,-,-,-,O,-,-,-
12018473_04,O,-,O,-,-,-,-,-,-,-,O,-,O,O,-,-,O,-,-,-,-,-,-,O,-,-,-,-,-,-,-,O,-,-,-
12018473_05,O,-,O,-,-,-,-,-,-,-,O,-,O,O,-,-,O,-,-,-,-,-,-,O,-,-,-,-,-,-,-,O,-,-,-
12018473_06,O,-,O,-,-,-,-,-,-,-,O,-,O,O,-,-,O,-,-,-,-,-,-,O,-,-,-,-,-,-,-,O,-,-,-
12018473_07,O,-,O,-,-,-,-,-,-,-,O,-,O,O,-,-,O,-,-,-,-,-,-,O,-,-,-,-,-,-,-,O,-,-,-
12018473_08,Premise-B,-,O,-,-,-,-,-,-,-,O,-,O,O,-,-,O,-,-,-,-,-,-,O,-,-,-,-,-,-,-,O,-,-,-
12018473_09,Premise-I,-,O,-,-,-,-,-,-,-,O,-,O,O,-,-,O,-,-,-,-,-,-,O,-,-,-,-,-,-,-,O,-,-,-
12018473_10,Premise-I,-,O,-,-,-,-,-,-,-,O,-,O,O,-,-,O,-,-,-,-,-,-,O,-,-,-,-,-,-,-,O,-,-,-
12018473_11,Premise-I,-,O,-,-,-,-,-,-,-,O,-,O,O,-,-,O,-,-,-,-,-,-,O,-,-,-,-,-,-,-,O,-,-,-
12018473_12,Premise-I,-,O,-,-,-,-,-,-,-,O,-,O,O,-,-,O,-,-,-,-,-,-,O,-,-,-,-,-,-,-,O,-,-,-
12018473_13,Premise-B,-,Premise-B,-,-,-,-,-,-,-,O,-,Premise-B,Premise-B,-,-,O,-,-,-,-,-,-,Premise-B,-,-,-,-,-,-,-,O,-,-,-
12018473_14,O,-,O,-,-,-,-,-,-,-,O,-,O,O,-,-,O,-,-,-,-,-,-,O,-,-,-,-,-,-,-,O,-,-,-
12018473_15,Premise-B,-,O,-,-,-,-,-,-,-,O,-,Premise-B,O,-,-,O,-,-,-,-,-,-,O,-,-,-,-,-,-,-,O,-,-,-
12018473_16,O,-,O,-,-,-,-,-,-,-,O,-,O,O,-,-,O,-,-,-,-,-,-,O,-,-,-,-,-,-,-,Premise-B,-,-,-
12018473_17,O,-,O,-,-,-,-,-,-,-,O,-,O,O,-,-,O,-,-,-,-,-,-,O,-,-,-,-,-,-,-,Premise-I,-,-,-
12018473_18,O,-,O,-,-,-,-,-,-,-,O,-,O,O,-,-,O,-,-,-,-,-,-,O,-,-,-,-,-,-,-,Premise-I,-,-,-
12018473_19,O,-,O,-,-,-,-,-,-,-,O,-,O,O,-,-,O,-,-,-,-,-,-,O,-,-,-,-,-,-,-,Premise-I,-,-,-
12018473_20,O,-,O,-,-,-,-,-,-,-,O,-,O,O,-,-,O,-,-,-,-,-,-,O,-,-,-,-,-,-,-,Premise-I,-,-,-
12018473_21,O,-,O,-,-,-,-,-,-,-,O,-,O,O,-,-,O,-,-,-,-,-,-,O,-,-,-,-,-,-,-,Premise-I,-,-,-
12018473_22,Premise-B,-,Premise-B,-,-,-,-,-,-,-,O,-,O,Premise-B,-,-,Premise-B,-,-,-,-,-,-,O,-,-,-,-,-,-,-,Premise-I,-,-,-
12018473_23,Premise-I,-,Premise-I,-,-,-,-,-,-,-,O,-,O,Premise-I,-,-,Premise-I,-,-,-,-,-,-,O,-,-,-,-,-,-,-,Premise-I,-,-,-
12018473_24,O,-,Premise-I,-,-,-,-,-,-,-,O,-,Premise-B,Premise-I,-,-,Premise-I,-,-,-,-,-,-,Premise-B,-,-,-,-,-,-,-,Premise-I,-,-,-
12018473_25,O,-,O,-,-,-,-,-,-,-,O,-,O,O,-,-,O,-,-,-,-,-,-,O,-,-,-,-,-,-,-,O,-,-,-
12018473_26,O,-,O,-,-,-,-,-,-,-,O,-,O,O,-,-,O,-,-,-,-,-,-,O,-,-,-,-,-,-,-,O,-,-,-
12018473_27,O,-,O,-,-,-,-,-,-,-,O,-,Premise-B,Premise-B,-,-,O,-,-,-,-,-,-,O,-,-,-,-,-,-,-,O,-,-,-
12018473_28,O,-,O,-,-,-,-,-,-,-,O,-,O,O,-,-,O,-,-,-,-,-,-,O,-,-,-,-,-,-,-,O,-,-,-
12018473_29,O,-,O,-,-,-,-,-,-,-,O,-,O,O,-,-,O,-,-,-,-,-,-,O,-,-,-,-,-,-,-,O,-,-,-
12762735_00,-,-,Premise-B,-,-,-,-,-,-,-,Premise-B,-,-,Premise-B,-,Premise-B,-,-,-,Premise-B,-,Premise-B,-,O,Premise-B,-,-,-,-,-,-,-,-,-,-
12762735_01,-,-,O,-,-,-,-,-,-,-,Premise-B,-,-,O,-,O,-,-,-,O,-,Premise-B,-,O,Premise-I,-,-,-,-,-,-,-,-,-,-
12762735_02,-,-,O,-,-,-,-,-,-,-,Premise-I,-,-,O,-,O,-,-,-,O,-,O,-,O,Premise-I,-,-,-,-,-,-,-,-,-,-
12762735_03,-,-,O,-,-,-,-,-,-,-,Premise-B,-,-,O,-,O,-,-,-,O,-,Premise-B,-,Premise-B,Premise-I,-,-,-,-,-,-,-,-,-,-
12762735_04,-,-,O,-,-,-,-,-,-,-,Premise-I,-,-,O,-,O,-,-,-,O,-,Premise-I,-,Premise-I,O,-,-,-,-,-,-,-,-,-,-
13085698_00,-,-,O,-,O,-,-,O,-,-,-,-,-,O,-,-,-,-,-,-,-,-,O,O,O,-,-,-,-,-,-,-,Premise-B,-,-
13085698_01,-,-,O,-,O,-,-,O,-,-,-,-,-,Premise-B,-,-,-,-,-,-,-,-,O,O,O,-,-,-,-,-,-,-,O,-,-
13085698_02,-,-,O,-,O,-,-,O,-,-,-,-,-,O,-,-,-,-,-,-,-,-,O,O,O,-,-,-,-,-,-,-,O,-,-
13085698_03,-,-,O,-,O,-,-,O,-,-,-,-,-,O,-,-,-,-,-,-,-,-,O,O,O,-,-,-,-,-,-,-,O,-,-
13085698_04,-,-,O,-,O,-,-,O,-,-,-,-,-,O,-,-,-,-,-,-,-,-,O,O,O,-,-,-,-,-,-,-,Premise-B,-,-
13085698_05,-,-,O,-,O,-,-,O,-,-,-,-,-,O,-,-,-,-,-,-,-,-,O,O,O,-,-,-,-,-,-,-,Premise-I,-,-
13085698_06,-,-,O,-,O,-,-,O,-,-,-,-,-,O,-,-,-,-,-,-,-,-,O,O,O,-,-,-,-,-,-,-,Premise-I,-,-
13085698_07,-,-,O,-,O,-,-,O,-,-,-,-,-,O,-,-,-,-,-,-,-,-,O,O,O,-,-,-,-,-,-,-,Premise-I,-,-
13085698_08,-,-,O,-,O,-,-,O,-,-,-,-,-,O,-,-,-,-,-,-,-,-,O,O,O,-,-,-,-,-,-,-,Premise-I,-,-
13085698_09,-,-,O,-,O,-,-,O,-,-,-,-,-,O,-,-,-,-,-,-,-,-,O,O,O,-,-,-,-,-,-,-,Premise-I,-,-
13085698_10,-,-,O,-,O,-,-,O,-,-,-,-,-,O,-,-,-,-,-,-,-,-,O,O,O,-,-,-,-,-,-,-,Premise-B,-,-
13085698_11,-,-,O,-,O,-,-,O,-,-,-,-,-,O,-,-,-,-,-,-,-,-,O,O,O,-,-,-,-,-,-,-,O,-,-
13085698_12,-,-,O,-,Premise-B,-,-,O,-,-,-,-,-,O,-,-,-,-,-,-,-,-,Premise-B,O,O,-,-,-,-,-,-,-,O,-,-
13562525_00,-,-,O,-,O,-,-,O,-,-,-,-,-,O,-,-,-,-,-,-,-,-,O,O,O,-,-,-,-,-,-,-,Premise-B,-,-
13562525_01,-,-,O,-,O,-,-,O,-,-,-,-,-,Premise-B,-,-,-,-,-,-,-,-,O,O,Premise-B,-,-,-,-,-,-,-,Premise-I,-,-
13562525_02,-,-,O,-,O,-,-,O,-,-,-,-,-,O,-,-,-,-,-,-,-,-,O,O,Premise-I,-,-,-,-,-,-,-,Premise-I,-,-
13562525_03,-,-,O,-,O,-,-,O,-,-,-,-,-,O,-,-,-,-,-,-,-,-,O,O,Premise-I,-,-,-,-,-,-,-,O,-,-
13562525_04,-,-,O,-,O,-,-,Premise-B,-,-,-,-,-,O,-,-,-,-,-,-,-,-,O,O,Premise-I,-,-,-,-,-,-,-,O,-,-
13562525_05,-,-,O,-,O,-,-,Premise-I,-,-,-,-,-,O,-,-,-,-,-,-,-,-,O,O,Premise-I,-,-,-,-,-,-,-,O,-,-
13562525_06,-,-,O,-,Premise-B,-,-,Premise-I,-,-,-,-,-,Premise-B,-,-,-,-,-,-,-,-,Premise-B,Premise-B,Premise-I,-,-,-,-,-,-,-,Premise-B,-,-
13562525_07,-,-,O,-,Premise-B,-,-,Premise-I,-,-,-,-,-,O,-,-,-,-,-,-,-,-,Premise-I,Premise-I,O,-,-,-,-,-,-,-,Premise-I,-,-
13678921_00,-,-,-,-,-,-,-,-,Premise-B,O,O,O,-,-,O,O,-,Premise-B,-,-,-,-,-,-,-,-,-,O,-,-,-,-,-,-,-
13678921_01,-,-,-,-,-,-,-,-,Premise-I,Premise-B,O,Premise-B,-,-,O,Premise-B,-,Premise-I,-,-,-,-,-,-,-,-,-,Premise-B,-,-,-,-,-,-,-
13678921_02,-,-,-,-,-,-,-,-,Premise-B,O,O,O,-,-,O,O,-,O,-,-,-,-,-,-,-,-,-,Premise-I,-,-,-,-,-,-,-
13678921_03,-,-,-,-,-,-,-,-,Premise-I,Premise-B,O,O,-,-,O,O,-,Premise-B,-,-,-,-,-,-,-,-,-,Premise-I,-,-,-,-,-,-,-
13678921_04,-,-,-,-,-,-,-,-,Premise-I,O,O,O,-,-,O,O,-,Premise-I,-,-,-,-,-,-,-,-,-,Premise-I,-,-,-,-,-,-,-
13678921_05,-,-,-,-,-,-,-,-,Premise-B,O,O,O,-,-,O,O,-,Premise-B,-,-,-,-,-,-,-,-,-,Premise-I,-,-,-,-,-,-,-
13764758_00,-,-,-,-,-,-,-,-,-,O,O,-,-,O,-,-,-,-,-,O,-,-,-,O,-,O,-,-,-,-,-,O,O,-,-
13764758_01,-,-,-,-,-,-,-,-,-,O,O,-,-,O,-,-,-,-,-,O,-,-,-,O,-,O,-,-,-,-,-,O,O,-,-
13764758_02,-,-,-,-,-,-,-,-,-,Premise-B,O,-,-,O,-,-,-,-,-,O,-,-,-,O,-,O,-,-,-,-,-,O,Premise-B,-,-
13764758_03,-,-,-,-,-,-,-,-,-,Premise-B,O,-,-,O,-,-,-,-,-,O,-,-,-,O,-,O,-,-,-,-,-,O,O,-,-
13764758_04,-,-,-,-,-,-,-,-,-,Premise-I,Premise-B,-,-,Premise-B,-,-,-,-,-,Premise-B,-,-,-,Premise-B,-,O,-,-,-,-,-,O,Premise-B,-,-
13764758_05,-,-,-,-,-,-,-,-,-,Premise-I,Premise-I,-,-,Premise-I,-,-,-,-,-,Premise-I,-,-,-,Premise-I,-,O,-,-,-,-,-,O,Premise-I,-,-
13764758_06,-,-,-,-,-,-,-,-,-,O,O,-,-,O,-,-,-,-,-,O,-,-,-,O,-,O,-,-,-,-,-,O,O,-,-
13764758_07,-,-,-,-,-,-,-,-,-,Premise-B,O,-,-,O,-,-,-,-,-,O,-,-,-,O,-,O,-,-,-,-,-,Premise-B,Premise-B,-,-
13764758_08,-,-,-,-,-,-,-,-,-,Premise-I,Premise-B,-,-,O,-,-,-,-,-,O,-,-,-,O,-,Premise-B,-,-,-,-,-,Premise-I,Premise-I,-,-
13764758_09,-,-,-,-,-,-,-,-,-,Premise-I,Premise-I,-,-,O,-,-,-,-,-,O,-,-,-,O,-,Premise-I,-,-,-,-,-,Premise-I,Premise-I,-,-
13764758_10,-,-,-,-,-,-,-,-,-,Premise-B,Premise-B,-,-,Premise-B,-,-,-,-,-,Premise-B,-,-,-,Premise-B,-,Premise-B,-,-,-,-,-,Premise-B,Premise-B,-,-
13764758_11,-,-,-,-,-,-,-,-,-,O,O,-,-,O,-,-,-,-,-,O,-,-,-,O,-,O,-,-,-,-,-,O,Premise-I,-,-
13764758_12,-,-,-,-,-,-,-,-,-,O,O,-,-,O,-,-,-,-,-,O,-,-,-,O,-,O,-,-,-,-,-,O,Premise-I,-,-
14662098_00,-,-,O,-,-,-,-,-,-,-,O,-,-,O,-,O,-,-,-,O,-,O,-,Premise-B,O,-,-,-,-,-,-,-,-,-,-
14662098_01,-,-,O,-,-,-,-,-,-,-,O,-,-,O,-,O,-,-,-,O,-,O,-,Premise-I,O,-,-,-,-,-,-,-,-,-,-
14662098_02,-,-,O,-,-,-,-,-,-,-,O,-,-,O,-,O,-,-,-,O,-,O,-,Premise-I,O,-,-,-,-,-,-,-,-,-,-
14662098_03,-,-,O,-,-,-,-,-,-,-,O,-,-,O,-,O,-,-,-,O,-,O,-,Premise-I,O,-,-,-,-,-,-,-,-,-,-
14662098_04,-,-,O,-,-,-,-,-,-,-,O,-,-,O,-,O,-,-,-,O,-,O,-,Premise-I,O,-,-,-,-,-,-,-,-,-,-
14662098_05,-,-,O,-,-,-,-,-,-,-,O,-,-,Premise-B,-,O,-,-,-,O,-,O,-,Premise-I,Premise-B,-,-,-,-,-,-,-,-,-,-
14662098_06,-,-,O,-,-,-,-,-,-,-,O,-,-,Premise-B,-,O,-,-,-,O,-,O,-,O,Premise-I,-,-,-,-,-,-,-,-,-,-
14662098_07,-,-,O,-,-,-,-,-,-,-,O,-,-,Premise-I,-,O,-,-,-,O,-,O,-,O,Premise-I,-,-,-,-,-,-,-,-,-,-
14662098_08,-,-,O,-,-,-,-,-,-,-,O,-,-,Premise-I,-,O,-,-,-,O,-,O,-,O,Premise-I,-,-,-,-,-,-,-,-,-,-
14662098_09,-,-,O,-,-,-,-,-,-,-,O,-,-,Premise-I,-,O,-,-,-,O,-,O,-,O,Premise-I,-,-,-,-,-,-,-,-,-,-
14662098_10,-,-,O,-,-,-,-,-,-,-,O,-,-,O,-,O,-,-,-,O,-,O,-,O,Premise-I,-,-,-,-,-,-,-,-,-,-
14662098_11,-,-,O,-,-,-,-,-,-,-,O,-,-,O,-,O,-,-,-,O,-,O,-,O,Premise-I,-,-,-,-,-,-,-,-,-,-
14662098_12,-,-,O,-,-,-,-,-,-,-,O,-,-,O,-,O,-,-,-,O,-,O,-,O,Premise-I,-,-,-,-,-,-,-,-,-,-
14662098_13,-,-,O,-,-,-,-,-,-,-,O,-,-,O,-,O,-,-,-,O,-,O,-,O,Premise-I,-,-,-,-,-,-,-,-,-,-
14662098_14,-,-,O,-,-,-,-,-,-,-,O,-,-,O,-,O,-,-,-,O,-,O,-,O,Premise-I,-,-,-,-,-,-,-,-,-,-
14662098_15,-,-,O,-,-,-,-,-,-,-,O,-,-,O,-,O,-,-,-,O,-,O,-,O,Premise-I,-,-,-,-,-,-,-,-,-,-
14662098_16,-,-,O,-,-,-,-,-,-,-,O,-,-,O,-,O,-,-,-,O,-,O,-,O,Premise-I,-,-,-,-,-,-,-,-,-,-
14662098_17,-,-,O,-,-,-,-,-,-,-,O,-,-,O,-,O,-,-,-,O,-,O,-,O,Premise-I,-,-,-,-,-,-,-,-,-,-
14662098_18,-,-,O,-,-,-,-,-,-,-,O,-,-,O,-,O,-,-,-,O,-,O,-,O,O,-,-,-,-,-,-,-,-,-,-
14662098_19,-,-,O,-,-,-,-,-,-,-,O,-,-,Premise-B,-,O,-,-,-,O,-,O,-,O,O,-,-,-,-,-,-,-,-,-,-
14662098_20,-,-,O,-,-,-,-,-,-,-,O,-,-,Premise-I,-,O,-,-,-,O,-,O,-,O,O,-,-,-,-,-,-,-,-,-,-
14662098_21,-,-,O,-,-,-,-,-,-,-,O,-,-,Premise-I,-,O,-,-,-,O,-,O,-,O,O,-,-,-,-,-,-,-,-,-,-
14662098_22,-,-,O,-,-,-,-,-,-,-,O,-,-,Premise-I,-,O,-,-,-,O,-,O,-,O,O,-,-,-,-,-,-,-,-,-,-
14662098_23,-,-,O,-,-,-,-,-,-,-,O,-,-,Premise-I,-,O,-,-,-,O,-,O,-,O,O,-,-,-,-,-,-,-,-,-,-
14662098_24,-,-,O,-,-,-,-,-,-,-,O,-,-,Premise-I,-,O,-,-,-,O,-,O,-,O,O,-,-,-,-,-,-,-,-,-,-
14662098_25,-,-,O,-,-,-,-,-,-,-,O,-,-,O,-,O,-,-,-,O,-,O,-,O,O,-,-,-,-,-,-,-,-,-,-
14662098_26,-,-,O,-,-,-,-,-,-,-,O,-,-,O,-,O,-,-,-,O,-,O,-,O,O,-,-,-,-,-,-,-,-,-,-
15163742_00,-,O,-,-,O,-,-,-,-,-,O,-,-,O,-,O,-,-,-,O,-,-,-,O,-,-,-,-,-,-,-,-,O,-,-
15163742_01,-,O,-,-,O,-,-,-,-,-,O,-,-,O,-,O,-,-,-,O,-,-,-,O,-,-,-,-,-,-,-,-,O,-,-
15163742_02,-,Premise-B,-,-,O,-,-,-,-,-,O,-,-,O,-,Premise-B,-,-,-,O,-,-,-,O,-,-,-,-,-,-,-,-,Premise-B,-,-
15163742_03,-,O,-,-,O,-,-,-,-,-,O,-,-,O,-,O,-,-,-,O,-,-,-,O,-,-,-,-,-,-,-,-,Premise-I,-,-
15163742_04,-,O,-,-,O,-,-,-,-,-,O,-,-,O,-,O,-,-,-,O,-,-,-,O,-,-,-,-,-,-,-,-,Premise-I,-,-
15163742_05,-,O,-,-,O,-,-,-,-,-,O,-,-,O,-,O,-,-,-,O,-,-,-,O,-,-,-,-,-,-,-,-,Premise-I,-,-
15163742_06,-,O,-,-,O,-,-,-,-,-,O,-,-,O,-,O,-,-,-,O,-,-,-,O,-,-,-,-,-,-,-,-,O,-,-
15163742_07,-,O,-,-,Premise-B,-,-,-,-,-,O,-,-,Premise-B,-,Premise-B,-,-,-,O,-,-,-,Premise-B,-,-,-,-,-,-,-,-,Premise-B,-,-
15163742_08,-,O,-,-,Premise-I,-,-,-,-,-,O,-,-,Premise-I,-,Premise-I,-,-,-,O,-,-,-,Premise-I,-,-,-,-,-,-,-,-,Premise-I,-,-
15163742_09,-,Premise-B,-,-,Premise-I,-,-,-,-,-,O,-,-,Premise-I,-,Premise-I,-,-,-,O,-,-,-,Premise-I,-,-,-,-,-,-,-,-,Premise-I,-,-
15163742_10,-,O,-,-,O,-,-,-,-,-,O,-,-,O,-,O,-,-,-,O,-,-,-,O,-,-,-,-,-,-,-,-,Premise-B,-,-
15163742_11,-,O,-,-,O,-,-,-,-,-,O,-,-,O,-,O,-,-,-,O,-,-,-,O,-,-,-,-,-,-,-,-,Premise-I,-,-
15163742_12,-,O,-,-,O,-,-,-,-,-,O,-,-,O,-,O,-,-,-,O,-,-,-,O,-,-,-,-,-,-,-,-,O,-,-
15170116_00,-,-,-,-,-,-,-,-,O,O,O,O,-,-,O,O,-,O,-,-,-,-,-,-,-,-,-,O,-,-,-,-,-,-,-
15170116_01,-,-,-,-,-,-,-,-,O,O,O,O,-,-,O,Premise-B,-,O,-,-,-,-,-,-,-,-,-,O,-,-,-,-,-,-,-
15170116_02,-,-,-,-,-,-,-,-,O,O,O,O,-,-,O,Premise-I,-,O,-,-,-,-,-,-,-,-,-,Premise-B,-,-,-,-,-,-,-
15170116_03,-,-,-,-,-,-,-,-,O,O,O,O,-,-,O,Premise-I,-,O,-,-,-,-,-,-,-,-,-,Premise-I,-,-,-,-,-,-,-
15170116_04,-,-,-,-,-,-,-,-,Premise-B,Premise-B,Premise-B,Premise-B,-,-,O,O,-,Premise-B,-,-,-,-,-,-,-,-,-,Premise-I,-,-,-,-,-,-,-
15170116_05,-,-,-,-,-,-,-,-,Premise-I,O,Premise-B,O,-,-,O,O,-,Premise-B,-,-,-,-,-,-,-,-,-,Premise-I,-,-,-,-,-,-,-
15170116_06,-,-,-,-,-,-,-,-,Premise-B,O,Premise-B,O,-,-,Premise-B,Premise-B,-,Premise-B,-,-,-,-,-,-,-,-,-,O,-,-,-,-,-,-,-
15170116_07,-,-,-,-,-,-,-,-,Premise-I,O,Premise-I,O,-,-,Premise-I,Premise-I,-,Premise-I,-,-,-,-,-,-,-,-,-,O,-,-,-,-,-,-,-
15170116_08,-,-,-,-,-,-,-,-,Premise-B,O,Premise-I,O,-,-,Premise-I,Premise-I,-,Premise-I,-,-,-,-,-,-,-,-,-,O,-,-,-,-,-,-,-
15332663_00,-,-,-,O,-,O,O,-,-,-,O,-,-,-,-,-,-,-,-,O,O,-,-,-,-,-,O,-,O,-,-,-,-,-,-
15332663_01,-,-,-,O,-,O,O,-,-,-,O,-,-,-,-,-,-,-,-,O,O,-,-,-,-,-,O,-,O,-,-,-,-,-,-
15332663_02,-,-,-,O,-,O,O,-,-,-,O,-,-,-,-,-,-,-,-,O,O,-,-,-,-,-,O,-,O,-,-,-,-,-,-
15332663_03,-,-,-,O,-,O,O,-,-,-,O,-,-,-,-,-,-,-,-,O,O,-,-,-,-,-,O,-,O,-,-,-,-,-,-
15332663_04,-,-,-,O,-,O,O,-,-,-,O,-,-,-,-,-,-,-,-,O,O,-,-,-,-,-,O,-,O,-,-,-,-,-,-
15332663_05,-,-,-,Premise-B,-,Premise-B,Premise-B,-,-,-,O,-,-,-,-,-,-,-,-,Premise-B,O,-,-,-,-,-,Premise-B,-,Premise-B,-,-,-,-,-,-
15332663_06,-,-,-,O,-,O,O,-,-,-,O,-,-,-,-,-,-,-,-,O,O,-,-,-,-,-,O,-,O,-,-,-,-,-,-
15332663_07,-,-,-,O,-,O,O,-,-,-,O,-,-,-,-,-,-,-,-,O,O,-,-,-,-,-,O,-,O,-,-,-,-,-,-
15332663_08,-,-,-,O,-,O,O,-,-,-,O,-,-,-,-,-,-,-,-,O,O,-,-,-,-,-,O,-,O,-,-,-,-,-,-
15332663_09,-,-,-,O,-,O,O,-,-,-,O,-,-,-,-,-,-,-,-,O,O,-,-,-,-,-,O,-,O,-,-,-,-,-,-
16628414_00,-,-,O,-,-,-,O,-,-,-,O,O,-,O,-,-,-,-,-,-,-,-,-,-,-,-,-,O,O,-,-,-,-,-,O
16628414_01,-,-,Premise-B,-,-,-,Premise-B,-,-,-,Premise-B,Premise-B,-,O,-,-,-,-,-,-,-,-,-,-,-,-,-,Premise-B,Premise-B,-,-,-,-,-,O
16628414_02,-,-,O,-,-,-,O,-,-,-,Premise-B,O,-,O,-,-,-,-,-,-,-,-,-,-,-,-,-,O,O,-,-,-,-,-,O
16628414_03,-,-,O,-,-,-,O,-,-,-,Premise-I,O,-,O,-,-,-,-,-,-,-,-,-,-,-,-,-,O,O,-,-,-,-,-,O
16628414_04,-,-,O,-,-,-,O,-,-,-,Premise-B,O,-,Premise-B,-,-,-,-,-,-,-,-,-,-,-,-,-,O,O,-,-,-,-,-,O
16628414_05,-,-,O,-,-,-,O,-,-,-,Premise-I,O,-,Premise-I,-,-,-,-,-,-,-,-,-,-,-,-,-,O,O,-,-,-,-,-,O
16628414_06,-,-,O,-,-,-,O,-,-,-,Premise-I,O,-,Premise-I,-,-,-,-,-,-,-,-,-,-,-,-,-,O,O,-,-,-,-,-,O
16628414_07,-,-,O,-,-,-,O,-,-,-,Premise-I,O,-,O,-,-,-,-,-,-,-,-,-,-,-,-,-,O,O,-,-,-,-,-,O
16628414_08,-,-,O,-,-,-,O,-,-,-,O,O,-,O,-,-,-,-,-,-,-,-,-,-,-,-,-,O,O,-,-,-,-,-,O
16628414_09,-,-,O,-,-,-,O,-,-,-,O,O,-,O,-,-,-,-,-,-,-,-,-,-,-,-,-,O,O,-,-,-,-,-,O
16680446_00,-,-,O,-,-,-,-,-,-,Premise-B,O,-,-,O,O,-,O,-,-,-,-,-,-,-,O,-,-,-,Premise-B,-,-,-,-,-,-
16680446_01,-,-,O,-,-,-,-,-,-,Premise-B,O,-,-,O,O,-,Premise-B,-,-,-,-,-,-,-,Premise-B,-,-,-,O,-,-,-,-,-,-
16680446_02,-,-,O,-,-,-,-,-,-,O,O,-,-,O,O,-,O,-,-,-,-,-,-,-,Premise-I,-,-,-,O,-,-,-,-,-,-
16680446_03,-,-,O,-,-,-,-,-,-,O,O,-,-,O,O,-,O,-,-,-,-,-,-,-,Premise-I,-,-,-,O,-,-,-,-,-,-
16680446_04,-,-,O,-,-,-,-,-,-,O,O,-,-,Premise-B,O,-,Premise-B,-,-,-,-,-,-,-,Premise-I,-,-,-,O,-,-,-,-,-,-
16680446_05,-,-,O,-,-,-,-,-,-,O,O,-,-,O,O,-,O,-,-,-,-,-,-,-,Premise-I,-,-,-,Premise-B,-,-,-,-,-,-
16680446_06,-,-,O,-,-,-,-,-,-,Premise-B,O,-,-,O,O,-,O,-,-,-,-,-,-,-,Premise-I,-,-,-,Premise-I,-,-,-,-,-,-
16962419_00,O,-,-,-,-,-,O,-,-,O,O,-,-,O,-,-,O,-,-,O,-,-,-,-,-,-,-,-,-,Premise-B,-,-,-,-,-
16962419_01,O,-,-,-,-,-,O,-,-,O,O,-,-,O,-,-,O,-,-,O,-,-,-,-,-,-,-,-,-,O,-,-,-,-,-
16962419_02,O,-,-,-,-,-,O,-,-,O,O,-,-,O,-,-,O,-,-,O,-,-,-,-,-,-,-,-,-,O,-,-,-,-,-
16962419_03,O,-,-,-,-,-,O,-,-,O,O,-,-,O,-,-,O,-,-,O,-,-,-,-,-,-,-,-,-,O,-,-,-,-,-
16962419_04,O,-,-,-,-,-,O,-,-,O,O,-,-,O,-,-,O,-,-,O,-,-,-,-,-,-,-,-,-,O,-,-,-,-,-
16962419_05,O,-,-,-,-,-,O,-,-,O,O,-,-,O,-,-,O,-,-,O,-,-,-,-,-,-,-,-,-,O,-,-,-,-,-
16962419_06,O,-,-,-,-,-,O,-,-,O,O,-,-,O,-,-,O,-,-,O,-,-,-,-,-,-,-,-,-,O,-,-,-,-,-
16962419_07,Premise-B,-,-,-,-,-,O,-,-,O,O,-,-,O,-,-,O,-,-,O,-,-,-,-,-,-,-,-,-,O,-,-,-,-,-
16962419_08,Premise-I,-,-,-,-,-,O,-,-,O,O,-,-,O,-,-,O,-,-,O,-,-,-,-,-,-,-,-,-,O,-,-,-,-,-
16962419_09,O,-,-,-,-,-,O,-,-,O,O,-,-,Premise-B,-,-,O,-,-,O,-,-,-,-,-,-,-,-,-,O,-,-,-,-,-
16962419_10,O,-,-,-,-,-,O,-,-,O,O,-,-,O,-,-,O,-,-,O,-,-,-,-,-,-,-,-,-,O,-,-,-,-,-
16962419_11,O,-,-,-,-,-,O,-,-,O,O,-,-,O,-,-,O,-,-,O,-,-,-,-,-,-,-,-,-,O,-,-,-,-,-
16962419_12,O,-,-,-,-,-,O,-,-,O,O,-,-,O,-,-,O,-,-,O,-,-,-,-,-,-,-,-,-,O,-,-,-,-,-
16962419_13,O,-,-,-,-,-,O,-,-,O,O,-,-,O,-,-,O,-,-,O,-,-,-,-,-,-,-,-,-,O,-,-,-,-,-
16962419_14,O,-,-,-,-,-,O,-,-,Premise-B,O,-,-,Premise-B,-,-,Premise-B,-,-,O,-,-,-,-,-,-,-,-,-,Premise-B,-,-,-,-,-
18039353_00,-,-,-,-,-,-,-,-,O,Premise-B,O,O,-,-,O,O,-,Premise-B,-,-,-,-,-,-,-,-,-,O,-,-,-,-,-,-,-
18039353_01,-,-,-,-,-,-,-,-,O,O,O,O,-,-,O,O,-,Premise-B,-,-,-,-,-,-,-,-,-,Premise-B,-,-,-,-,-,-,-
18039353_02,-,-,-,-,-,-,-,-,O,O,O,O,-,-,O,O,-,Premise-I,-,-,-,-,-,-,-,-,-,Premise-I,-,-,-,-,-,-,-
18039353_03,-,-,-,-,-,-,-,-,O,O,O,O,-,-,O,O,-,Premise-B,-,-,-,-,-,-,-,-,-,Premise-I,-,-,-,-,-,-,-
18039353_04,-,-,-,-,-,-,-,-,Premise-B,O,O,Premise-B,-,-,O,O,-,O,-,-,-,-,-,-,-,-,-,Premise-I,-,-,-,-,-,-,-
18039353_05,-,-,-,-,-,-,-,-,Premise-I,Premise-B,O,Premise-I,-,-,O,O,-,O,-,-,-,-,-,-,-,-,-,Premise-I,-,-,-,-,-,-,-
18039353_06,-,-,-,-,-,-,-,-,Premise-B,Premise-I,O,O,-,-,O,O,-,O,-,-,-,-,-,-,-,-,-,Premise-I,-,-,-,-,-,-,-
18043780_00,-,Premise-B,-,-,Premise-B,-,-,-,-,-,Premise-B,-,-,O,-,O,-,-,-,Premise-B,-,-,-,O,-,-,-,-,-,-,-,-,Premise-B,-,-
18043780_01,-,Premise-I,-,-,O,-,-,-,-,-,Premise-B,-,-,O,-,O,-,-,-,Premise-B,-,-,-,O,-,-,-,-,-,-,-,-,Premise-I,-,-
18043780_02,-,Premise-I,-,-,O,-,-,-,-,-,Premise-B,-,-,O,-,O,-,-,-,O,-,-,-,Premise-B,-,-,-,-,-,-,-,-,O,-,-
18043780_03,-,Premise-B,-,-,O,-,-,-,-,-,Premise-B,-,-,O,-,O,-,-,-,O,-,-,-,O,-,-,-,-,-,-,-,-,Premise-B,-,-
18043780_04,-,Premise-B,-,-,Premise-B,-,-,-,-,-,Premise-B,-,-,O,-,O,-,-,-,O,-,-,-,O,-,-,-,-,-,-,-,-,O,-,-
18043780_05,-,Premise-I,-,-,Premise-I,-,-,-,-,-,Premise-I,-,-,O,-,O,-,-,-,O,-,-,-,O,-,-,-,-,-,-,-,-,O,-,-
18043780_06,-,Premise-I,-,-,Premise-I,-,-,-,-,-,Premise-I,-,-,O,-,O,-,-,-,O,-,-,-,O,-,-,-,-,-,-,-,-,O,-,-
18043780_07,-,O,-,-,O,-,-,-,-,-,Premise-B,-,-,Premise-B,-,O,-,-,-,O,-,-,-,O,-,-,-,-,-,-,-,-,O,-,-
18043780_08,-,O,-,-,O,-,-,-,-,-,Premise-I,-,-,Premise-I,-,O,-,-,-,O,-,-,-,O,-,-,-,-,-,-,-,-,O,-,-
18043780_09,-,O,-,-,O,-,-,-,-,-,O,-,-,O,-,O,-,-,-,O,-,-,-,Premise-B,-,-,-,-,-,-,-,-,Premise-B,-,-
18043780_10,-,O,-,-,O,-,-,-,-,-,O,-,-,O,-,O,-,-,-,O,-,-,-,O,-,-,-,-,-,-,-,-,Premise-I,-,-
18047102_00,O,-,O,-,-,-,-,-,-,-,O,-,O,O,-,-,O,-,-,-,-,-,-,Premise-B,-,-,-,-,-,-,-,O,-,-,-
18047102_01,O,-,O,-,-,-,-,-,-,-,O,-,O,Premise-B,-,-,O,-,-,-,-,-,-,Premise-I,-,-,-,-,-,-,-,O,-,-,-
18047102_02,O,-,O,-,-,-,-,-,-,-,O,-,O,O,-,-,O,-,-,-,-,-,-,O,-,-,-,-,-,-,-,O,-,-,-
18240881_00,-,-,Premise-B,-,-,-,-,-,-,Premise-B,Premise-B,-,-,O,Premise-B,-,O,-,-,-,-,-,-,-,Premise-B,-,-,-,Premise-B,-,-,-,-,-,-
18240881_01,-,-,Premise-I,-,-,-,-,-,-,O,Premise-I,-,-,O,O,-,Premise-B,-,-,-,-,-,-,-,Premise-I,-,-,-,O,-,-,-,-,-,-
18240881_02,-,-,O,-,-,-,-,-,-,Premise-B,Premise-I,-,-,O,O,-,Premise-B,-,-,-,-,-,-,-,Premise-I,-,-,-,O,-,-,-,-,-,-
18240881_03,-,-,Premise-B,-,-,-,-,-,-,O,O,-,-,Premise-B,O,-,Premise-B,-,-,-,-,-,-,-,Premise-I,-,-,-,O,-,-,-,-,-,-
18240881_04,-,-,O,-,-,-,-,-,-,O,Premise-B,-,-,Premise-I,O,-,Premise-I,-,-,-,-,-,-,-,Premise-I,-,-,-,O,-,-,-,-,-,-
18240881_05,-,-,O,-,-,-,-,-,-,O,O,-,-,O,O,-,O,-,-,-,-,-,-,-,Premise-I,-,-,-,O,-,-,-,-,-,-
18240881_06,-,-,O,-,-,-,-,-,-,Premise-B,Premise-B,-,-,Premise-B,O,-,O,-,-,-,-,-,-,-,Premise-I,-,-,-,O,-,-,-,-,-,-
18641085_00,Premise-B,-,O,-,-,-,-,-,-,-,Premise-B,-,O,O,-,-,O,-,-,-,-,-,-,Premise-B,-,-,-,-,-,-,-,O,-,-,-
18641085_01,Premise-I,-,O,-,-,-,-,-,-,-,Premise-B,-,O,O,-,-,O,-,-,-,-,-,-,Premise-B,-,-,-,-,-,-,-,O,-,-,-
18641085_02,Premise-I,-,O,-,-,-,-,-,-,-,O,-,O,O,-,-,O,-,-,-,-,-,-,O,-,-,-,-,-,-,-,O,-,-,-
18641085_03,Premise-I,-,O,-,-,-,-,-,-,-,O,-,O,O,-,-,O,-,-,-,-,-,-,O,-,-,-,-,-,-,-,O,-,-,-
18641085_04,Premise-I,-,O,-,-,-,-,-,-,-,O,-,O,O,-,-,O,-,-,-,-,-,-,O,-,-,-,-,-,-,-,O,-,-,-
18641085_05,Premise-I,-,O,-,-,-,-,-,-,-,O,-,O,O,-,-,O,-,-,-,-,-,-,O,-,-,-,-,-,-,-,O,-,-,-
18641085_06,Premise-B,-,O,-,-,-,-,-,-,-,Premise-B,-,O,O,-,-,O,-,-,-,-,-,-,O,-,-,-,-,-,-,-,O,-,-,-
18641085_07,O,-,O,-,-,-,-,-,-,-,O,-,O,O,-,-,O,-,-,-,-,-,-,O,-,-,-,-,-,-,-,O,-,-,-
18641085_08,Premise-B,-,O,-,-,-,-,-,-,-,Premise-B,-,O,Premise-B,-,-,Premise-B,-,-,-,-,-,-,O,-,-,-,-,-,-,-,Premise-B,-,-,-
18641085_09,Premise-I,-,O,-,-,-,-,-,-,-,Premise-I,-,O,Premise-I,-,-,Premise-I,-,-,-,-,-,-,O,-,-,-,-,-,-,-,Premise-I,-,-,-
18641085_10,O,-,O,-,-,-,-,-,-,-,Premise-B,-,O,Premise-B,-,-,Premise-B,-,-,-,-,-,-,O,-,-,-,-,-,-,-,Premise-I,-,-,-
18641085_11,Premise-B,-,Premise-B,-,-,-,-,-,-,-,Premise-B,-,O,Premise-B,-,-,O,-,-,-,-,-,-,O,-,-,-,-,-,-,-,Premise-I,-,-,-
18641085_12,Premise-I,-,Premise-I,-,-,-,-,-,-,-,Premise-I,-,O,Premise-I,-,-,O,-,-,-,-,-,-,O,-,-,-,-,-,-,-,Premise-I,-,-,-
18641085_13,Premise-I,-,Premise-I,-,-,-,-,-,-,-,Premise-I,-,O,Premise-I,-,-,O,-,-,-,-,-,-,O,-,-,-,-,-,-,-,Premise-I,-,-,-
18863881_00,-,-,O,-,-,-,-,-,-,-,O,-,-,O,-,O,-,-,-,O,-,O,-,Premise-B,Premise-B,-,-,-,-,-,-,-,-,-,-
18863881_01,-,-,Premise-B,-,-,-,-,-,-,-,O,-,-,Premise-B,-,O,-,-,-,O,-,O,-,Premise-I,Premise-I,-,-,-,-,-,-,-,-,-,-
18863881_02,-,-,O,-,-,-,-,-,-,-,O,-,-,O,-,O,-,-,-,O,-,O,-,O,Premise-I,-,-,-,-,-,-,-,-,-,-
18863881_03,-,-,O,-,-,-,-,-,-,-,O,-,-,O,-,O,-,-,-,O,-,O,-,O,Premise-I,-,-,-,-,-,-,-,-,-,-
18863881_04,-,-,O,-,-,-,-,-,-,-,O,-,-,O,-,O,-,-,-,O,-,O,-,O,Premise-I,-,-,-,-,-,-,-,-,-,-
18863881_05,-,-,O,-,-,-,-,-,-,-,O,-,-,O,-,O,-,-,-,O,-,O,-,O,Premise-I,-,-,-,-,-,-,-,-,-,-
18863881_06,-,-,O,-,-,-,-,-,-,-,O,-,-,O,-,O,-,-,-,O,-,O,-,O,Premise-I,-,-,-,-,-,-,-,-,-,-
18863881_07,-,-,O,-,-,-,-,-,-,-,O,-,-,O,-,O,-,-,-,O,-,O,-,O,Premise-I,-,-,-,-,-,-,-,-,-,-
18863881_08,-,-,O,-,-,-,-,-,-,-,O,-,-,Premise-B,-,O,-,-,-,O,-,O,-,O,Premise-I,-,-,-,-,-,-,-,-,-,-
18863881_09,-,-,O,-,-,-,-,-,-,-,O,-,-,Premise-I,-,O,-,-,-,O,-,Premise-B,-,O,Premise-I,-,-,-,-,-,-,-,-,-,-
18863881_10,-,-,O,-,-,-,-,-,-,-,O,-,-,Premise-I,-,O,-,-,-,O,-,Premise-I,-,O,Premise-I,-,-,-,-,-,-,-,-,-,-
18863881_11,-,-,Premise-B,-,-,-,-,-,-,-,O,-,-,Premise-B,-,O,-,-,-,O,-,O,-,O,Premise-I,-,-,-,-,-,-,-,-,-,-
18863881_12,-,-,Premise-I,-,-,-,-,-,-,-,O,-,-,Premise-I,-,O,-,-,-,O,-,O,-,O,Premise-I,-,-,-,-,-,-,-,-,-,-
18863881_13,-,-,O,-,-,-,-,-,-,-,O,-,-,Premise-I,-,O,-,-,-,O,-,O,-,O,O,-,-,-,-,-,-,-,-,-,-
18863881_14,-,-,O,-,-,-,-,-,-,-,O,-,-,O,-,O,-,-,-,O,-,O,-,O,O,-,-,-,-,-,-,-,-,-,-
18863881_15,-,-,O,-,-,-,-,-,-,-,O,-,-,O,-,O,-,-,-,O,-,O,-,O,O,-,-,-,-,-,-,-,-,-,-
18863881_16,-,-,O,-,-,-,-,-,-,-,O,-,-,O,-,O,-,-,-,O,-,O,-,O,O,-,-,-,-,-,-,-,-,-,-
18863881_17,-,-,O,-,-,-,-,-,-,-,O,-,-,O,-,O,-,-,-,O,-,O,-,O,O,-,-,-,-,-,-,-,-,-,-
18863881_18,-,-,O,-,-,-,-,-,-,-,O,-,-,O,-,O,-,-,-,O,-,O,-,O,O,-,-,-,-,-,-,-,-,-,-
18863881_19,-,-,O,-,-,-,-,-,-,-,O,-,-,O,-,O,-,-,-,O,-,O,-,O,O,-,-,-,-,-,-,-,-,-,-
19586342_00,-,-,O,-,-,-,-,-,-,-,O,-,-,O,-,-,O,-,O,-,-,-,-,O,-,-,-,-,O,-,-,-,O,-,-
19586342_01,-,-,O,-,-,-,-,-,-,-,O,-,-,O,-,-,O,-,O,-,-,-,-,O,-,-,-,-,O,-,-,-,O,-,-
19586342_02,-,-,O,-,-,-,-,-,-,-,O,-,-,O,-,-,O,-,O,-,-,-,-,O,-,-,-,-,O,-,-,-,O,-,-
19586342_03,-,-,O,-,-,-,-,-,-,-,O,-,-,Premise-B,-,-,O,-,O,-,-,-,-,O,-,-,-,-,O,-,-,-,O,-,-
19586342_04,-,-,O,-,-,-,-,-,-,-,O,-,-,Premise-I,-,-,O,-,O,-,-,-,-,O,-,-,-,-,O,-,-,-,O,-,-
19586342_05,-,-,O,-,-,-,-,-,-,-,O,-,-,Premise-I,-,-,O,-,O,-,-,-,-,O,-,-,-,-,O,-,-,-,O,-,-
19586342_06,-,-,O,-,-,-,-,-,-,-,O,-,-,O,-,-,O,-,O,-,-,-,-,O,-,-,-,-,O,-,-,-,O,-,-
19586342_07,-,-,O,-,-,-,-,-,-,-,O,-,-,Premise-B,-,-,O,-,O,-,-,-,-,Premise-B,-,-,-,-,O,-,-,-,O,-,-
19586342_08,-,-,O,-,-,-,-,-,-,-,O,-,-,O,-,-,O,-,O,-,-,-,-,O,-,-,-,-,O,-,-,-,O,-,-
19586342_09,-,-,O,-,-,-,-,-,-,-,O,-,-,O,-,-,O,-,O,-,-,-,-,O,-,-,-,-,O,-,-,-,O,-,-
19586342_10,-,-,O,-,-,-,-,-,-,-,O,-,-,O,-,-,O,-,O,-,-,-,-,O,-,-,-,-,O,-,-,-,O,-,-
19586342_11,-,-,O,-,-,-,-,-,-,-,O,-,-,O,-,-,O,-,O,-,-,-,-,O,-,-,-,-,O,-,-,-,O,-,-
19586342_12,-,-,O,-,-,-,-,-,-,-,O,-,-,O,-,-,Premise-B,-,O,-,-,-,-,Premise-B,-,-,-,-,Premise-B,-,-,-,O,-,-
19586342_13,-,-,O,-,-,-,-,-,-,-,O,-,-,O,-,-,Premise-I,-,O,-,-,-,-,Premise-I,-,-,-,-,Premise-I,-,-,-,O,-,-
19586342_14,-,-,O,-,-,-,-,-,-,-,O,-,-,O,-,-,Premise-I,-,O,-,-,-,-,Premise-I,-,-,-,-,Premise-B,-,-,-,O,-,-
20644706_00,-,-,-,-,-,-,Premise-B,-,-,O,O,-,-,O,-,-,-,-,-,O,-,-,-,-,O,-,-,-,O,-,O,-,-,-,-
20644706_01,-,-,-,-,-,-,Premise-I,-,-,O,O,-,-,O,-,-,-,-,-,O,-,-,-,-,O,-,-,-,O,-,O,-,-,-,-
20644706_02,-,-,-,-,-,-,Premise-I,-,-,Premise-B,O,-,-,Premise-B,-,-,-,-,-,Premise-B,-,-,-,-,Premise-B,-,-,-,O,-,O,-,-,-,-
20644706_03,-,-,-,-,-,-,Premise-I,-,-,O,O,-,-,O,-,-,-,-,-,O,-,-,-,-,Premise-I,-,-,-,O,-,O,-,-,-,-
20644706_04,-,-,-,-,-,-,O,-,-,O,O,-,-,Premise-B,-,-,-,-,-,O,-,-,-,-,Premise-I,-,-,-,O,-,O,-,-,-,-
20644706_05,-,-,-,-,-,-,O,-,-,Premise-B,O,-,-,Premise-I,-,-,-,-,-,O,-,-,-,-,Premise-I,-,-,-,O,-,O,-,-,-,-
20644706_06,-,-,-,-,-,-,O,-,-,Premise-I,O,-,-,Premise-I,-,-,-,-,-,O,-,-,-,-,Premise-I,-,-,-,O,-,O,-,-,-,-
20644706_07,-,-,-,-,-,-,O,-,-,O,O,-,-,O,-,-,-,-,-,O,-,-,-,-,Premise-I,-,-,-,O,-,O,-,-,-,-
20644706_08,-,-,-,-,-,-,O,-,-,O,O,-,-,O,-,-,-,-,-,O,-,-,-,-,Premise-I,-,-,-,O,-,O,-,-,-,-
20644706_09,-,-,-,-,-,-,O,-,-,O,O,-,-,O,-,-,-,-,-,O,-,-,-,-,Premise-I,-,-,-,O,-,O,-,-,-,-
20644706_10,-,-,-,-,-,-,O,-,-,O,O,-,-,O,-,-,-,-,-,O,-,-,-,-,Premise-I,-,-,-,O,-,O,-,-,-,-
20644706_11,-,-,-,-,-,-,O,-,-,Premise-B,Premise-B,-,-,O,-,-,-,-,-,Premise-B,-,-,-,-,Premise-I,-,-,-,Premise-B,-,O,-,-,-,-
20644706_12,-,-,-,-,-,-,O,-,-,Premise-I,Premise-I,-,-,O,-,-,-,-,-,Premise-I,-,-,-,-,Premise-I,-,-,-,Premise-I,-,O,-,-,-,-
20644706_13,-,-,-,-,-,-,O,-,-,Premise-I,Premise-I,-,-,O,-,-,-,-,-,Premise-I,-,-,-,-,Premise-I,-,-,-,Premise-B,-,O,-,-,-,-
20644706_14,-,-,-,-,-,-,O,-,-,Premise-I,Premise-I,-,-,O,-,-,-,-,-,Premise-I,-,-,-,-,O,-,-,-,Premise-I,-,O,-,-,-,-
20925757_00,-,-,-,-,-,-,-,-,-,Premise-B,O,-,-,O,-,-,-,-,-,Premise-B,-,-,-,O,-,Premise-B,-,-,-,-,-,O,Premise-B,-,-
20925757_01,-,-,-,-,-,-,-,-,-,Premise-I,O,-,-,O,-,-,-,-,-,Premise-I,-,-,-,O,-,Premise-I,-,-,-,-,-,O,Premise-I,-,-
20925757_02,-,-,-,-,-,-,-,-,-,O,O,-,-,O,-,-,-,-,-,O,-,-,-,O,-,O,-,-,-,-,-,O,O,-,-
20925757_03,-,-,-,-,-,-,-,-,-,O,O,-,-,O,-,-,-,-,-,O,-,-,-,O,-,O,-,-,-,-,-,O,O,-,-
20925757_04,-,-,-,-,-,-,-,-,-,O,O,-,-,O,-,-,-,-,-,O,-,-,-,O,-,O,-,-,-,-,-,O,O,-,-
20925757_05,-,-,-,-,-,-,-,-,-,Premise-B,Premise-B,-,-,O,-,-,-,-,-,O,-,-,-,Premise-B,-,O,-,-,-,-,-,O,O,-,-
20925757_06,-,-,-,-,-,-,-,-,-,Premise-I,Premise-I,-,-,O,-,-,-,-,-,O,-,-,-,Premise-I,-,O,-,-,-,-,-,O,O,-,-
20925757_07,-,-,-,-,-,-,-,-,-,Premise-B,Premise-B,-,-,Premise-B,-,-,-,-,-,O,-,-,-,Premise-B,-,O,-,-,-,-,-,O,Premise-B,-,-
20925757_08,-,-,-,-,-,-,-,-,-,Premise-I,Premise-I,-,-,Premise-I,-,-,-,-,-,O,-,-,-,Premise-I,-,O,-,-,-,-,-,O,Premise-I,-,-
20925757_09,-,-,-,-,-,-,-,-,-,Premise-I,Premise-I,-,-,Premise-I,-,-,-,-,-,O,-,-,-,Premise-I,-,O,-,-,-,-,-,O,Premise-I,-,-
2699885_00,-,-,O,-,-,-,O,-,-,-,O,O,-,O,-,-,-,-,-,-,-,-,-,-,-,-,-,O,O,-,-,-,-,-,O
2699885_01,-,-,O,-,-,-,O,-,-,-,Premise-B,O,-,O,-,-,-,-,-,-,-,-,-,-,-,-,-,O,O,-,-,-,-,-,O
2699885_02,-,-,O,-,-,-,O,-,-,-,Premise-I,O,-,O,-,-,-,-,-,-,-,-,-,-,-,-,-,O,O,-,-,-,-,-,O
2699885_03,-,-,O,-,-,-,O,-,-,-,Premise-I,O,-,O,-,-,-,-,-,-,-,-,-,-,-,-,-,O,O,-,-,-,-,-,O
2699885_04,-,-,O,-,-,-,O,-,-,-,Premise-I,O,-,O,-,-,-,-,-,-,-,-,-,-,-,-,-,O,O,-,-,-,-,-,O
2699885_05,-,-,O,-,-,-,O,-,-,-,Premise-B,O,-,Premise-B,-,-,-,-,-,-,-,-,-,-,-,-,-,Premise-B,O,-,-,-,-,-,O
2699885_06,-,-,O,-,-,-,O,-,-,-,Premise-I,O,-,Premise-I,-,-,-,-,-,-,-,-,-,-,-,-,-,Premise-B,O,-,-,-,-,-,O
2699885_07,-,-,O,-,-,-,O,-,-,-,O,O,-,Premise-B,-,-,-,-,-,-,-,-,-,-,-,-,-,Premise-I,O,-,-,-,-,-,O
2699885_08,-,-,O,-,-,-,O,-,-,-,O,O,-,Premise-I,-,-,-,-,-,-,-,-,-,-,-,-,-,Premise-I,O,-,-,-,-,-,O
2699885_09,-,-,O,-,-,-,Premise-B,-,-,-,Premise-B,O,-,Premise-B,-,-,-,-,-,-,-,-,-,-,-,-,-,Premise-I,O,-,-,-,-,-,O
2699885_10,-,-,O,-,-,-,Premise-I,-,-,-,Premise-B,O,-,O,-,-,-,-,-,-,-,-,-,-,-,-,-,Premise-I,O,-,-,-,-,-,O
2699885_11,-,-,O,-,-,-,Premise-I,-,-,-,Premise-I,O,-,O,-,-,-,-,-,-,-,-,-,-,-,-,-,Premise-I,O,-,-,-,-,-,O
2699885_12,-,-,O,-,-,-,Premise-I,-,-,-,Premise-I,O,-,O,-,-,-,-,-,-,-,-,-,-,-,-,-,Premise-I,O,-,-,-,-,-,O
2699885_13,-,-,O,-,-,-,Premise-I,-,-,-,Premise-I,Premise-B,-,O,-,-,-,-,-,-,-,-,-,-,-,-,-,Premise-I,O,-,-,-,-,-,O
2699885_14,-,-,O,-,-,-,Premise-I,-,-,-,Premise-I,Premise-I,-,O,-,-,-,-,-,-,-,-,-,-,-,-,-,Premise-I,O,-,-,-,-,-,O
2699885_15,-,-,Premise-B,-,-,-,Premise-I,-,-,-,Premise-B,Premise-B,-,O,-,-,-,-,-,-,-,-,-,-,-,-,-,O,O,-,-,-,-,-,O
2699885_16,-,-,Premise-I,-,-,-,Premise-I,-,-,-,Premise-I,Premise-I,-,O,-,-,-,-,-,-,-,-,-,-,-,-,-,O,O,-,-,-,-,-,O
2699885_17,-,-,Premise-B,-,-,-,Premise-I,-,-,-,Premise-I,O,-,O,-,-,-,-,-,-,-,-,-,-,-,-,-,O,O,-,-,-,-,-,O
2880150_00,-,-,O,-,O,-,-,Premise-B,-,-,-,-,-,O,-,-,-,-,-,-,-,-,Premise-B,Premise-B,O,-,-,-,-,-,-,-,O,-,-
2880150_01,-,-,O,-,O,-,-,Premise-I,-,-,-,-,-,O,-,-,-,-,-,-,-,-,Premise-I,O,O,-,-,-,-,-,-,-,O,-,-
2880150_02,-,-,O,-,Premise-B,-,-,Premise-I,-,-,-,-,-,O,-,-,-,-,-,-,-,-,Premise-I,Premise-B,O,-,-,-,-,-,-,-,O,-,-
2880150_03,-,-,O,-,Premise-I,-,-,Premise-I,-,-,-,-,-,O,-,-,-,-,-,-,-,-,Premise-I,Premise-I,O,-,-,-,-,-,-,-,O,-,-
3125570_00,-,-,-,-,-,-,Premise-B,-,-,Premise-B,Premise-B,-,-,Premise-B,-,-,-,-,-,Premise-B,-,-,-,-,O,-,-,-,Premise-B,-,Premise-B,-,-,-,-
3125570_01,-,-,-,-,-,-,Premise-I,-,-,Premise-I,Premise-I,-,-,Premise-I,-,-,-,-,-,Premise-I,-,-,-,-,O,-,-,-,Premise-I,-,Premise-I,-,-,-,-
3125570_02,-,-,-,-,-,-,Premise-I,-,-,Premise-I,Premise-I,-,-,Premise-I,-,-,-,-,-,Premise-I,-,-,-,-,O,-,-,-,Premise-B,-,Premise-I,-,-,-,-
3125570_03,-,-,-,-,-,-,O,-,-,Premise-B,Premise-B,-,-,O,-,-,-,-,-,O,-,-,-,-,O,-,-,-,Premise-I,-,O,-,-,-,-
3125570_04,-,-,-,-,-,-,O,-,-,Premise-I,Premise-I,-,-,O,-,-,-,-,-,O,-,-,-,-,Premise-B,-,-,-,Premise-I,-,O,-,-,-,-
3125570_05,-,-,-,-,-,-,O,-,-,Premise-I,Premise-I,-,-,O,-,-,-,-,-,O,-,-,-,-,Premise-I,-,-,-,O,-,O,-,-,-,-
3125570_06,-,-,-,-,-,-,O,-,-,O,Premise-B,-,-,O,-,-,-,-,-,O,-,-,-,-,Premise-I,-,-,-,O,-,O,-,-,-,-
3125570_07,-,-,-,-,-,-,O,-,-,O,Premise-I,-,-,O,-,-,-,-,-,O,-,-,-,-,O,-,-,-,O,-,O,-,-,-,-
4595363_00,-,-,-,Premise-B,-,Premise-B,O,-,-,-,Premise-B,-,-,-,-,-,-,-,-,Premise-B,O,-,-,-,-,-,O,-,O,-,-,-,-,-,-
4595363_01,-,-,-,Premise-I,-,O,O,-,-,-,Premise-B,-,-,-,-,-,-,-,-,Premise-B,O,-,-,-,-,-,O,-,O,-,-,-,-,-,-
4595363_02,-,-,-,O,-,O,O,-,-,-,Premise-I,-,-,-,-,-,-,-,-,O,O,-,-,-,-,-,O,-,O,-,-,-,-,-,-
4595363_03,-,-,-,O,-,O,O,-,-,-,O,-,-,-,-,-,-,-,-,O,O,-,-,-,-,-,O,-,O,-,-,-,-,-,-
4595363_04,-,-,-,O,-,O,O,-,-,-,O,-,-,-,-,-,-,-,-,O,O,-,-,-,-,-,O,-,O,-,-,-,-,-,-
4595363_05,-,-,-,O,-,O,O,-,-,-,O,-,-,-,-,-,-,-,-,O,O,-,-,-,-,-,O,-,O,-,-,-,-,-,-
4595363_06,-,-,-,Premise-B,-,O,Premise-B,-,-,-,Premise-B,-,-,-,-,-,-,-,-,Premise-B,O,-,-,-,-,-,O,-,O,-,-,-,-,-,-
4595363_07,-,-,-,Premise-I,-,O,Premise-I,-,-,-,Premise-B,-,-,-,-,-,-,-,-,Premise-B,Premise-B,-,-,-,-,-,Premise-B,-,O,-,-,-,-,-,-
4595363_08,-,-,-,Premise-I,-,O,Premise-I,-,-,-,Premise-I,-,-,-,-,-,-,-,-,Premise-I,Premise-I,-,-,-,-,-,Premise-I,-,O,-,-,-,-,-,-
4595363_09,-,-,-,Premise-I,-,O,O,-,-,-,O,-,-,-,-,-,-,-,-,O,O,-,-,-,-,-,Premise-I,-,Premise-B,-,-,-,-,-,-
4595363_10,-,-,-,Premise-I,-,O,O,-,-,-,O,-,-,-,-,-,-,-,-,O,O,-,-,-,-,-,O,-,Premise-I,-,-,-,-,-,-
4595363_11,-,-,-,Premise-I,-,O,O,-,-,-,O,-,-,-,-,-,-,-,-,O,O,-,-,-,-,-,O,-,Premise-B,-,-,-,-,-,-
4595363_12,-,-,-,O,-,O,O,-,-,-,O,-,-,-,-,-,-,-,-,O,O,-,-,-,-,-,O,-,O,-,-,-,-,-,-
4595363_13,-,-,-,O,-,O,O,-,-,-,O,-,-,-,-,-,-,-,-,O,O,-,-,-,-,-,O,-,O,-,-,-,-,-,-
5373430_00,-,-,Premise-B,-,-,-,-,-,-,-,Premise-B,-,-,Premise-B,-,-,Premise-B,-,O,-,-,-,-,Premise-B,-,-,-,-,O,-,-,-,Premise-B,-,-
5373430_01,-,-,Premise-B,-,-,-,-,-,-,-,Premise-I,-,-,Premise-I,-,-,Premise-I,-,O,-,-,-,-,Premise-I,-,-,-,-,O,-,-,-,Premise-I,-,-
5373430_02,-,-,O,-,-,-,-,-,-,-,Premise-I,-,-,Premise-I,-,-,Premise-I,-,O,-,-,-,-,Premise-I,-,-,-,-,O,-,-,-,Premise-I,-,-
5373430_03,-,-,O,-,-,-,-,-,-,-,Premise-I,-,-,Premise-I,-,-,Premise-I,-,O,-,-,-,-,Premise-I,-,-,-,-,O,-,-,-,Premise-I,-,-
5373430_04,-,-,O,-,-,-,-,-,-,-,Premise-B,-,-,O,-,-,Premise-B,-,O,-,-,-,-,O,-,-,-,-,O,-,-,-,Premise-B,-,-
5373430_05,-,-,O,-,-,-,-,-,-,-,Premise-I,-,-,O,-,-,Premise-I,-,O,-,-,-,-,O,-,-,-,-,O,-,-,-,Premise-I,-,-
5373430_06,-,-,O,-,-,-,-,-,-,-,Premise-I,-,-,O,-,-,Premise-I,-,O,-,-,-,-,O,-,-,-,-,O,-,-,-,Premise-I,-,-
5373430_07,-,-,Premise-B,-,-,-,-,-,-,-,Premise-B,-,-,Premise-B,-,-,Premise-B,-,Premise-B,-,-,-,-,O,-,-,-,-,O,-,-,-,Premise-I,-,-
5373430_08,-,-,O,-,-,-,-,-,-,-,O,-,-,O,-,-,O,-,O,-,-,-,-,Premise-B,-,-,-,-,Premise-B,-,-,-,O,-,-
5373430_09,-,-,O,-,-,-,-,-,-,-,O,-,-,O,-,-,O,-,O,-,-,-,-,Premise-I,-,-,-,-,Premise-I,-,-,-,Premise-B,-,-
5373430_10,-,-,O,-,-,-,-,-,-,-,O,-,-,O,-,-,O,-,O,-,-,-,-,Premise-I,-,-,-,-,O,-,-,-,Premise-I,-,-
5448788_00,-,-,O,-,-,-,O,-,-,-,Premise-B,O,-,O,-,-,-,-,-,-,-,-,-,-,-,-,-,O,O,-,-,-,-,-,O
5448788_01,-,-,O,-,-,-,O,-,-,-,Premise-I,O,-,O,-,-,-,-,-,-,-,-,-,-,-,-,-,O,O,-,-,-,-,-,O
5448788_02,-,-,O,-,-,-,Premise-B,-,-,-,Premise-B,Premise-B,-,Premise-B,-,-,-,-,-,-,-,-,-,-,-,-,-,Premise-B,O,-,-,-,-,-,O
5481449_00,O,-,O,-,-,-,O,-,-,Premise-B,O,-,-,-,-,-,-,-,-,O,-,O,-,-,-,-,-,-,-,-,-,-,-,O,-
5481449_01,Premise-B,-,Premise-B,-,-,-,Premise-B,-,-,Premise-B,Premise-B,-,-,-,-,-,-,-,-,Premise-B,-,Premise-B,-,-,-,-,-,-,-,-,-,-,-,Premise-B,-
5481449_02,Premise-I,-,Premise-I,-,-,-,Premise-I,-,-,O,Premise-I,-,-,-,-,-,-,-,-,Premise-I,-,O,-,-,-,-,-,-,-,-,-,-,-,Premise-I,-
5481449_03,Premise-B,-,O,-,-,-,Premise-I,-,-,Premise-B,Premise-B,-,-,-,-,-,-,-,-,O,-,Premise-B,-,-,-,-,-,-,-,-,-,-,-,Premise-I,-
5481449_04,Premise-I,-,O,-,-,-,Premise-I,-,-,Premise-I,Premise-I,-,-,-,-,-,-,-,-,O,-,Premise-I,-,-,-,-,-,-,-,-,-,-,-,Premise-I,-
5481449_05,Premise-I,-,O,-,-,-,Premise-I,-,-,Premise-B,Premise-B,-,-,-,-,-,-,-,-,O,-,O,-,-,-,-,-,-,-,-,-,-,-,Premise-I,-
5481449_06,O,-,O,-,-,-,O,-,-,Premise-B,Premise-B,-,-,-,-,-,-,-,-,O,-,Premise-B,-,-,-,-,-,-,-,-,-,-,-,Premise-B,-
5481449_07,O,-,O,-,-,-,O,-,-,Premise-I,Premise-I,-,-,-,-,-,-,-,-,O,-,Premise-I,-,-,-,-,-,-,-,-,-,-,-,Premise-I,-
5481449_08,O,-,O,-,-,-,O,-,-,Premise-I,Premise-I,-,-,-,-,-,-,-,-,O,-,Premise-I,-,-,-,-,-,-,-,-,-,-,-,Premise-I,-
6024976_00,Premise-B,-,-,-,-,-,O,-,-,O,O,-,-,O,-,-,O,-,-,O,-,-,-,-,-,-,-,-,-,O,-,-,-,-,-
6024976_01,Premise-I,-,-,-,-,-,O,-,-,O,O,-,-,O,-,-,O,-,-,O,-,-,-,-,-,-,-,-,-,O,-,-,-,-,-
6024976_02,Premise-I,-,-,-,-,-,O,-,-,O,O,-,-,O,-,-,O,-,-,O,-,-,-,-,-,-,-,-,-,O,-,-,-,-,-
6024976_03,Premise-I,-,-,-,-,-,O,-,-,O,O,-,-,O,-,-,O,-,-,O,-,-,-,-,-,-,-,-,-,O,-,-,-,-,-
6024976_04,Premise-I,-,-,-,-,-,O,-,-,O,O,-,-,O,-,-,O,-,-,O,-,-,-,-,-,-,-,-,-,O,-,-,-,-,-
6024976_05,Premise-I,-,-,-,-,-,O,-,-,O,O,-,-,O,-,-,O,-,-,O,-,-,-,-,-,-,-,-,-,O,-,-,-,-,-
6024976_06,Premise-I,-,-,-,-,-,O,-,-,O,O,-,-,O,-,-,O,-,-,O,-,-,-,-,-,-,-,-,-,O,-,-,-,-,-
6024976_07,Premise-I,-,-,-,-,-,Premise-B,-,-,O,Premise-B,-,-,O,-,-,Premise-B,-,-,Premise-B,-,-,-,-,-,-,-,-,-,O,-,-,-,-,-
6024976_08,Premise-B,-,-,-,-,-,Premise-I,-,-,O,Premise-B,-,-,Premise-B,-,-,Premise-B,-,-,Premise-B,-,-,-,-,-,-,-,-,-,O,-,-,-,-,-
6024976_09,Premise-I,-,-,-,-,-,Premise-I,-,-,O,Premise-I,-,-,Premise-I,-,-,Premise-I,-,-,Premise-I,-,-,-,-,-,-,-,-,-,O,-,-,-,-,-
6024976_10,Premise-I,-,-,-,-,-,Premise-I,-,-,O,Premise-I,-,-,Premise-I,-,-,Premise-I,-,-,Premise-I,-,-,-,-,-,-,-,-,-,O,-,-,-,-,-
6024976_11,Premise-I,-,-,-,-,-,Premise-I,-,-,Premise-B,Premise-I,-,-,Premise-I,-,-,Premise-I,-,-,Premise-I,-,-,-,-,-,-,-,-,-,O,-,-,-,-,-
6024976_12,Premise-B,-,-,-,-,-,Premise-I,-,-,Premise-B,Premise-B,-,-,Premise-B,-,-,Premise-B,-,-,Premise-B,-,-,-,-,-,-,-,-,-,O,-,-,-,-,-
6024976_13,O,-,-,-,-,-,O,-,-,O,O,-,-,O,-,-,O,-,-,O,-,-,-,-,-,-,-,-,-,O,-,-,-,-,-
6024976_14,O,-,-,-,-,-,O,-,-,Premise-B,O,-,-,O,-,-,O,-,-,O,-,-,-,-,-,-,-,-,-,O,-,-,-,-,-
6024976_15,O,-,-,-,-,-,O,-,-,Premise-I,O,-,-,O,-,-,O,-,-,O,-,-,-,-,-,-,-,-,-,O,-,-,-,-,-
6024976_16,O,-,-,-,-,-,O,-,-,Premise-I,O,-,-,O,-,-,O,-,-,O,-,-,-,-,-,-,-,-,-,O,-,-,-,-,-
6212065_00,O,-,-,-,-,-,O,-,-,O,O,-,-,O,-,-,O,-,-,O,-,-,-,-,-,-,-,-,-,O,-,-,-,-,-
6212065_01,O,-,-,-,-,-,O,-,-,O,O,-,-,O,-,-,O,-,-,O,-,-,-,-,-,-,-,-,-,O,-,-,-,-,-
6212065_02,O,-,-,-,-,-,O,-,-,O,O,-,-,O,-,-,O,-,-,O,-,-,-,-,-,-,-,-,-,O,-,-,-,-,-
6212065_03,O,-,-,-,-,-,O,-,-,O,O,-,-,O,-,-,O,-,-,O,-,-,-,-,-,-,-,-,-,O,-,-,-,-,-
6212065_04,O,-,-,-,-,-,O,-,-,Premise-B,O,-,-,O,-,-,O,-,-,O,-,-,-,-,-,-,-,-,-,O,-,-,-,-,-
6212065_05,O,-,-,-,-,-,O,-,-,Premise-I,O,-,-,O,-,-,O,-,-,O,-,-,-,-,-,-,-,-,-,O,-,-,-,-,-
6212065_06,O,-,-,-,-,-,O,-,-,Premise-I,O,-,-,O,-,-,O,-,-,O,-,-,-,-,-,-,-,-,-,O,-,-,-,-,-
6212065_07,O,-,-,-,-,-,O,-,-,Premise-I,O,-,-,O,-,-,O,-,-,O,-,-,-,-,-,-,-,-,-,O,-,-,-,-,-
6212065_08,O,-,-,-,-,-,O,-,-,Premise-I,O,-,-,O,-,-,O,-,-,O,-,-,-,-,-,-,-,-,-,O,-,-,-,-,-
6212065_09,Premise-B,-,-,-,-,-,Premise-B,-,-,Premise-I,Premise-B,-,-,Premise-B,-,-,Premise-B,-,-,Premise-B,-,-,-,-,-,-,-,-,-,O,-,-,-,-,-
6212065_10,Premise-I,-,-,-,-,-,Premise-I,-,-,Premise-B,Premise-B,-,-,Premise-B,-,-,Premise-I,-,-,O,-,-,-,-,-,-,-,-,-,O,-,-,-,-,-
6212065_11,O,-,-,-,-,-,O,-,-,Premise-B,O,-,-,O,-,-,O,-,-,O,-,-,-,-,-,-,-,-,-,O,-,-,-,-,-
6212065_12,O,-,-,-,-,-,O,-,-,Premise-I,O,-,-,O,-,-,O,-,-,O,-,-,-,-,-,-,-,-,-,O,-,-,-,-,-
6212065_13,O,-,-,-,-,-,O,-,-,O,O,-,-,O,-,-,O,-,-,O,-,-,-,-,-,-,-,-,-,O,-,-,-,-,-
6212065_14,O,-,-,-,-,-,O,-,-,O,O,-,-,O,-,-,O,-,-,O,-,-,-,-,-,-,-,-,-,O,-,-,-,-,-
7091605_00,-,-,O,-,-,-,-,-,-,-,O,-,-,O,-,-,O,-,O,-,-,-,-,O,-,-,-,-,O,-,-,-,O,-,-
7091605_01,-,-,O,-,-,-,-,-,-,-,O,-,-,O,-,-,O,-,O,-,-,-,-,O,-,-,-,-,O,-,-,-,O,-,-
7091605_02,-,-,O,-,-,-,-,-,-,-,O,-,-,Premise-B,-,-,O,-,O,-,-,-,-,O,-,-,-,-,O,-,-,-,O,-,-
7091605_03,-,-,O,-,-,-,-,-,-,-,O,-,-,Premise-I,-,-,O,-,O,-,-,-,-,O,-,-,-,-,O,-,-,-,O,-,-
7091605_04,-,-,O,-,-,-,-,-,-,-,O,-,-,Premise-I,-,-,O,-,O,-,-,-,-,O,-,-,-,-,O,-,-,-,O,-,-
7091605_05,-,-,O,-,-,-,-,-,-,-,O,-,-,O,-,-,O,-,O,-,-,-,-,O,-,-,-,-,O,-,-,-,Premise-B,-,-
7091605_06,-,-,O,-,-,-,-,-,-,-,O,-,-,O,-,-,O,-,O,-,-,-,-,O,-,-,-,-,O,-,-,-,Premise-I,-,-
7091605_07,-,-,O,-,-,-,-,-,-,-,O,-,-,O,-,-,O,-,O,-,-,-,-,O,-,-,-,-,Premise-B,-,-,-,O,-,-
7091605_08,-,-,O,-,-,-,-,-,-,-,O,-,-,Premise-B,-,-,O,-,O,-,-,-,-,Premise-B,-,-,-,-,Premise-I,-,-,-,Premise-B,-,-
7091605_09,-,-,O,-,-,-,-,-,-,-,O,-,-,Premise-I,-,-,O,-,O,-,-,-,-,Premise-I,-,-,-,-,Premise-B,-,-,-,Premise-I,-,-
7091605_10,-,-,Premise-B,-,-,-,-,-,-,-,Premise-B,-,-,Premise-B,-,-,Premise-B,-,O,-,-,-,-,Premise-B,-,-,-,-,O,-,-,-,Premise-I,-,-
7091605_11,-,-,Premise-I,-,-,-,-,-,-,-,Premise-I,-,-,Premise-I,-,-,Premise-I,-,Premise-B,-,-,-,-,Premise-I,-,-,-,-,O,-,-,-,Premise-I,-,-
7091605_12,-,-,O,-,-,-,-,-,-,-,O,-,-,O,-,-,O,-,O,-,-,-,-,O,-,-,-,-,O,-,-,-,O,-,-
7091605_13,-,-,O,-,-,-,-,-,-,-,Premise-B,-,-,O,-,-,O,-,O,-,-,-,-,O,-,-,-,-,O,-,-,-,O,-,-
7091605_14,-,-,O,-,-,-,-,-,-,-,Premise-I,-,-,O,-,-,Premise-B,-,O,-,-,-,-,O,-,-,-,-,O,-,-,-,O,-,-
7091605_15,-,-,Premise-B,-,-,-,-,-,-,-,Premise-B,-,-,Premise-B,-,-,Premise-B,-,O,-,-,-,-,O,-,-,-,-,O,-,-,-,Premise-B,-,-
7091605_16,-,-,Premise-I,-,-,-,-,-,-,-,Premise-I,-,-,Premise-I,-,-,Premise-I,-,O,-,-,-,-,O,-,-,-,-,O,-,-,-,Premise-I,-,-
7091605_17,-,-,Premise-I,-,-,-,-,-,-,-,Premise-I,-,-,Premise-I,-,-,Premise-I,-,O,-,-,-,-,O,-,-,-,-,O,-,-,-,Premise-I,-,-
7091605_18,-,-,O,-,-,-,-,-,-,-,O,-,-,O,-,-,Premise-I,-,O,-,-,-,-,O,-,-,-,-,O,-,-,-,Premise-I,-,-
7091605_19,-,-,O,-,-,-,-,-,-,-,O,-,-,O,-,-,Premise-I,-,O,-,-,-,-,O,-,-,-,-,O,-,-,-,Premise-I,-,-
7091605_20,-,-,O,-,-,-,-,-,-,-,O,-,-,O,-,-,O,-,O,-,-,-,-,O,-,-,-,-,O,-,-,-,O,-,-
7227542_00,-,-,-,-,-,-,-,-,-,O,O,-,-,O,-,-,-,-,-,O,-,-,-,O,-,O,-,-,-,-,-,O,O,-,-
7227542_01,-,-,-,-,-,-,-,-,-,O,O,-,-,O,-,-,-,-,-,O,-,-,-,O,-,O,-,-,-,-,-,O,O,-,-
7227542_02,-,-,-,-,-,-,-,-,-,Premise-B,O,-,-,O,-,-,-,-,-,O,-,-,-,O,-,O,-,-,-,-,-,O,O,-,-
7227542_03,-,-,-,-,-,-,-,-,-,Premise-I,O,-,-,Premise-B,-,-,-,-,-,O,-,-,-,O,-,O,-,-,-,-,-,O,O,-,-
7227542_04,-,-,-,-,-,-,-,-,-,Premise-I,O,-,-,Premise-I,-,-,-,-,-,O,-,-,-,O,-,O,-,-,-,-,-,O,O,-,-
7227542_05,-,-,-,-,-,-,-,-,-,Premise-I,O,-,-,Premise-I,-,-,-,-,-,O,-,-,-,Premise-B,-,O,-,-,-,-,-,O,O,-,-
7227542_06,-,-,-,-,-,-,-,-,-,O,O,-,-,O,-,-,-,-,-,O,-,-,-,Premise-I,-,O,-,-,-,-,-,Premise-B,O,-,-
7227542_07,-,-,-,-,-,-,-,-,-,O,O,-,-,O,-,-,-,-,-,O,-,-,-,O,-,O,-,-,-,-,-,O,O,-,-
7638699_00,O,-,O,-,-,-,O,-,-,Premise-B,O,-,-,-,-,-,-,-,-,O,-,O,-,-,-,-,-,-,-,-,-,-,-,O,-
7638699_01,O,-,O,-,-,-,O,-,-,O,O,-,-,-,-,-,-,-,-,O,-,O,-,-,-,-,-,-,-,-,-,-,-,O,-
7638699_02,O,-,Premise-B,-,-,-,Premise-B,-,-,O,Premise-B,-,-,-,-,-,-,-,-,O,-,O,-,-,-,-,-,-,-,-,-,-,-,Premise-B,-
7638699_03,O,-,Premise-B,-,-,-,O,-,-,O,Premise-B,-,-,-,-,-,-,-,-,Premise-B,-,O,-,-,-,-,-,-,-,-,-,-,-,Premise-B,-
7638699_04,O,-,Premise-I,-,-,-,O,-,-,O,Premise-I,-,-,-,-,-,-,-,-,Premise-I,-,O,-,-,-,-,-,-,-,-,-,-,-,Premise-I,-
7638699_05,O,-,Premise-I,-,-,-,O,-,-,O,Premise-I,-,-,-,-,-,-,-,-,Premise-I,-,O,-,-,-,-,-,-,-,-,-,-,-,Premise-I,-
8062872_00,-,-,-,O,-,O,O,-,-,-,O,-,-,-,-,-,-,-,-,O,O,-,-,-,-,-,O,-,O,-,-,-,-,-,-
8062872_01,-,-,-,O,-,O,O,-,-,-,O,-,-,-,-,-,-,-,-,O,O,-,-,-,-,-,O,-,O,-,-,-,-,-,-
8062872_02,-,-,-,O,-,O,O,-,-,-,O,-,-,-,-,-,-,-,-,O,O,-,-,-,-,-,O,-,O,-,-,-,-,-,-
8062872_03,-,-,-,O,-,O,O,-,-,-,O,-,-,-,-,-,-,-,-,O,O,-,-,-,-,-,O,-,O,-,-,-,-,-,-
8062872_04,-,-,-,O,-,O,O,-,-,-,O,-,-,-,-,-,-,-,-,O,O,-,-,-,-,-,O,-,O,-,-,-,-,-,-
8062872_05,-,-,-,O,-,O,O,-,-,-,O,-,-,-,-,-,-,-,-,O,O,-,-,-,-,-,O,-,O,-,-,-,-,-,-
8062872_06,-,-,-,O,-,O,O,-,-,-,O,-,-,-,-,-,-,-,-,O,O,-,-,-,-,-,O,-,O,-,-,-,-,-,-
8062872_07,-,-,-,O,-,O,O,-,-,-,O,-,-,-,-,-,-,-,-,O,O,-,-,-,-,-,O,-,O,-,-,-,-,-,-
8062872_08,-,-,-,O,-,O,O,-,-,-,O,-,-,-,-,-,-,-,-,O,O,-,-,-,-,-,O,-,O,-,-,-,-,-,-
8062872_09,-,-,-,O,-,O,O,-,-,-,O,-,-,-,-,-,-,-,-,Premise-B,O,-,-,-,-,-,O,-,O,-,-,-,-,-,-
8062872_10,-,-,-,O,-,O,O,-,-,-,O,-,-,-,-,-,-,-,-,Premise-I,O,-,-,-,-,-,O,-,O,-,-,-,-,-,-
8062872_11,-,-,-,Premise-B,-,Premise-B,Premise-B,-,-,-,O,-,-,-,-,-,-,-,-,Premise-B,O,-,-,-,-,-,Premise-B,-,O,-,-,-,-,-,-
8062872_12,-,-,-,Premise-I,-,Premise-I,Premise-I,-,-,-,O,-,-,-,-,-,-,-,-,Premise-I,O,-,-,-,-,-,Premise-I,-,O,-,-,-,-,-,-
8062872_13,-,-,-,Premise-I,-,Premise-I,Premise-I,-,-,-,Premise-B,-,-,-,-,-,-,-,-,Premise-I,O,-,-,-,-,-,Premise-I,-,O,-,-,-,-,-,-
8062872_14,-,-,-,Premise-I,-,Premise-I,Premise-I,-,-,-,Premise-I,-,-,-,-,-,-,-,-,Premise-I,Premise-B,-,-,-,-,-,Premise-I,-,O,-,-,-,-,-,-
8062872_15,-,-,-,Premise-I,-,Premise-I,Premise-I,-,-,-,Premise-I,-,-,-,-,-,-,-,-,Premise-I,Premise-I,-,-,-,-,-,Premise-I,-,O,-,-,-,-,-,-
8062872_16,-,-,-,O,-,O,Premise-I,-,-,-,O,-,-,-,-,-,-,-,-,O,O,-,-,-,-,-,Premise-I,-,Premise-B,-,-,-,-,-,-
8062872_17,-,-,-,O,-,O,Premise-I,-,-,-,O,-,-,-,-,-,-,-,-,O,O,-,-,-,-,-,Premise-I,-,Premise-I,-,-,-,-,-,-
8834046_00,-,-,-,-,-,-,O,-,-,O,O,-,-,O,-,-,-,-,-,O,-,-,-,-,O,-,-,-,O,-,O,-,-,-,-
8834046_01,-,-,-,-,-,-,O,-,-,O,O,-,-,O,-,-,-,-,-,O,-,-,-,-,O,-,-,-,O,-,O,-,-,-,-
8834046_02,-,-,-,-,-,-,Premise-B,-,-,O,Premise-B,-,-,O,-,-,-,-,-,O,-,-,-,-,O,-,-,-,O,-,O,-,-,-,-
8834046_03,-,-,-,-,-,-,Premise-I,-,-,Premise-B,Premise-I,-,-,O,-,-,-,-,-,O,-,-,-,-,O,-,-,-,O,-,O,-,-,-,-
8834046_04,-,-,-,-,-,-,O,-,-,O,O,-,-,Premise-B,-,-,-,-,-,O,-,-,-,-,O,-,-,-,O,-,O,-,-,-,-
8834046_05,-,-,-,-,-,-,O,-,-,O,Premise-B,-,-,Premise-I,-,-,-,-,-,O,-,-,-,-,O,-,-,-,O,-,O,-,-,-,-
8834046_06,-,-,-,-,-,-,O,-,-,Premise-B,O,-,-,Premise-I,-,-,-,-,-,O,-,-,-,-,O,-,-,-,O,-,O,-,-,-,-
8834046_07,-,-,-,-,-,-,O,-,-,O,O,-,-,O,-,-,-,-,-,O,-,-,-,-,O,-,-,-,O,-,O,-,-,-,-
9307874_00,-,O,-,-,O,-,-,-,-,-,Premise-B,-,-,Premise-B,-,Premise-B,-,-,-,Premise-B,-,-,-,Premise-B,-,-,-,-,-,-,-,-,Premise-B,-,-
9307874_01,-,Premise-B,-,-,Premise-B,-,-,-,-,-,Premise-I,-,-,O,-,Premise-I,-,-,-,O,-,-,-,O,-,-,-,-,-,-,-,-,Premise-I,-,-
9307874_02,-,Premise-B,-,-,Premise-B,-,-,-,-,-,O,-,-,Premise-B,-,O,-,-,-,Premise-B,-,-,-,Premise-B,-,-,-,-,-,-,-,-,O,-,-
9307874_03,-,O,-,-,O,-,-,-,-,-,O,-,-,O,-,O,-,-,-,O,-,-,-,O,-,-,-,-,-,-,-,-,O,-,-
9307874_04,-,Premise-B,-,-,O,-,-,-,-,-,O,-,-,O,-,O,-,-,-,O,-,-,-,O,-,-,-,-,-,-,-,-,O,-,-
9307874_05,-,Premise-B,-,-,Premise-B,-,-,-,-,-,Premise-B,-,-,Premise-B,-,O,-,-,-,O,-,-,-,Premise-B,-,-,-,-,-,-,-,-,Premise-B,-,-
9307874_06,-,O,-,-,Premise-I,-,-,-,-,-,Premise-I,-,-,Premise-I,-,O,-,-,-,O,-,-,-,Premise-I,-,-,-,-,-,-,-,-,Premise-I,-,-
9307874_07,-,O,-,-,O,-,-,-,-,-,O,-,-,O,-,O,-,-,-,O,-,-,-,O,-,-,-,-,-,-,-,-,Premise-I,-,-
9307874_08,-,O,-,-,O,-,-,-,-,-,O,-,-,O,-,O,-,-,-,O,-,-,-,O,-,-,-,-,-,-,-,-,Premise-I,-,-
9841537_00,O,-,O,-,-,-,O,-,-,Premise-B,O,-,-,-,-,-,-,-,-,O,-,O,-,-,-,-,-,-,-,-,-,-,-,O,-
9841537_01,Premise-B,-,Premise-B,-,-,-,Premise-B,-,-,Premise-B,Premise-B,-,-,-,-,-,-,-,-,Premise-B,-,O,-,-,-,-,-,-,-,-,-,-,-,Premise-B,-
9841537_02,O,-,O,-,-,-,Premise-I,-,-,O,O,-,-,-,-,-,-,-,-,O,-,O,-,-,-,-,-,-,-,-,-,-,-,O,-
9841537_03,O,-,O,-,-,-,Premise-I,-,-,O,O,-,-,-,-,-,-,-,-,O,-,O,-,-,-,-,-,-,-,-,-,-,-,O,-
9841537_04,O,-,O,-,-,-,Premise-I,-,-,O,O,-,-,-,-,-,-,-,-,O,-,O,-,-,-,-,-,-,-,-,-,-,-,O,-
9841537_05,O,-,O,-,-,-,Premise-I,-,-,O,O,-,-,-,-,-,-,-,-,O,-,O,-,-,-,-,-,-,-,-,-,-,-,O,-
9841537_06,O,-,O,-,-,-,Premise-I,-,-,O,O,-,-,-,-,-,-,-,-,O,-,O,-,-,-,-,-,-,-,-,-,-,-,O,-
9841537_07,Premise-B,-,O,-,-,-,Premise-I,-,-,Premise-B,Premise-B,-,-,-,-,-,-,-,-,Premise-B,-,Premise-B,-,-,-,-,-,-,-,-,-,-,-,Premise-B,-
9841537_08,O,-,O,-,-,-,O,-,-,O,Premise-B,-,-,-,-,-,-,-,-,Premise-B,-,O,-,-,-,-,-,-,-,-,-,-,-,Premise-I,-
9841537_09,Premise-B,-,Premise-B,-,-,-,O,-,-,Premise-B,Premise-I,-,-,-,-,-,-,-,-,Premise-I,-,Premise-B,-,-,-,-,-,-,-,-,-,-,-,Premise-I,-
